{
    "src/addons/alexkar598/babxenforo/addon.json": "53d25035e1ed128d3c3a4a04eda9e53cebbc6ca2015f8fd8871cb92770a17cc8",
    "src/addons/alexkar598/babxenforo/ConnectedAccount/Provider/BAB.php": "aad1adda01bb0e3e93a8c1f39cc1b6ba2a6a3a68f689e19811754bc57da68c7e",
    "src/addons/alexkar598/babxenforo/ConnectedAccount/ProviderData/BAB.php": "527b4edf6b0c00cf32e59e223778c8b671fdf424ef60900f3d19d57a0cdad9f5",
    "src/addons/alexkar598/babxenforo/ConnectedAccount/Service/BAB.php": "25a4a8b06df70940703af3c9f4fe2186828171d71e4356088e8a50a209c00578",
    "src/addons/alexkar598/babxenforo/Setup.php": "6976e3b1a8b40bd2069e9e0e14c690ae2a1b105a7f4fd7dad00ec93f87f8dd07",
    "src/addons/alexkar598/babxenforo/_data/activity_summary_definitions.xml": "99d8c2563a31320d66f958fc8bda78613545f5f7959bb3cf5318805e3a3c39d2",
    "src/addons/alexkar598/babxenforo/_data/admin_navigation.xml": "064ec797484ac00d5ee37367b50b06846d11f480d00550997712707f8fdac8c0",
    "src/addons/alexkar598/babxenforo/_data/admin_permission.xml": "ec6fb97cebf0bceb24f1ed1d5778c1db54eeb7535fbb3e31d824840e7aa9ff87",
    "src/addons/alexkar598/babxenforo/_data/advertising_positions.xml": "d2f7cbe844bb1df3cf878d22ff6306249245c8ff6b0b87b9b729744bec538261",
    "src/addons/alexkar598/babxenforo/_data/api_scopes.xml": "6793eaf758f140e8137187ba20e65f4faccf53410433ae3ad7a8b3b38cb6b3b7",
    "src/addons/alexkar598/babxenforo/_data/bb_codes.xml": "faa4ddd5f4a365e5ac39aebdcbe2d25aedf74e7eb9ea4a812766e2fd5e13bdb1",
    "src/addons/alexkar598/babxenforo/_data/bb_code_media_sites.xml": "29762987990187b33e43cfb68c08dc917b2d3f0176613d78f8e6c453f82da3f3",
    "src/addons/alexkar598/babxenforo/_data/class_extensions.xml": "1f548b8006e9952a3f5889f71e09fdfa6726ac1a47c1af7b2626d1a88920d5a4",
    "src/addons/alexkar598/babxenforo/_data/code_events.xml": "8370dec3df47f91df4cf79da253446ad11b29f4ea568fe76c774e97a0379f0eb",
    "src/addons/alexkar598/babxenforo/_data/code_event_listeners.xml": "d6b5072f4909dee7a20ee9e44b163f95c8aa52e6ac7f573e292000cd9238c331",
    "src/addons/alexkar598/babxenforo/_data/content_type_fields.xml": "c7ad5472b28f465b7ac7617627707eba1b7a39d28089460d52e1ed292fc0b06a",
    "src/addons/alexkar598/babxenforo/_data/cron.xml": "323c4284742ef24329cd6db6f288eb9736d2353f36852e1db12591e1583aea26",
    "src/addons/alexkar598/babxenforo/_data/help_pages.xml": "a8a0c0b06cdc550438bc8a8d385af3e1e5ab3459877dfb934c1c31be59c89163",
    "src/addons/alexkar598/babxenforo/_data/member_stats.xml": "89fb2b93ff1eca7a1f6f752248edf6090dfd24037db1446fd18ff7143f08124d",
    "src/addons/alexkar598/babxenforo/_data/navigation.xml": "f75e1c03a45a360bbdfcd0567121665082315068475d5b0feb8b1acbb1688651",
    "src/addons/alexkar598/babxenforo/_data/options.xml": "1cea29aa5671733d85c8fc6f7c66128eacbca5643cbb38585eb82002879b51a4",
    "src/addons/alexkar598/babxenforo/_data/option_groups.xml": "154d7a89664b243d0bd8227c22e241f934bf7e196c83230ee23d3c0c4fba1333",
    "src/addons/alexkar598/babxenforo/_data/permissions.xml": "7e4fc7d5826733d15ea2d8936b9bdd41afcaad810eb38e50da3c8d8eafda1550",
    "src/addons/alexkar598/babxenforo/_data/permission_interface_groups.xml": "3177224e96458b829aa7fb24866dda9e0455a4922aee3d669b53f59a1ffdf5d1",
    "src/addons/alexkar598/babxenforo/_data/phrases.xml": "9d398cc1ee51dd15746948fa35bcb3b404a0ce5d849ff6bf9251be3ecddfde75",
    "src/addons/alexkar598/babxenforo/_data/routes.xml": "550fa64f9feedf137dd877b38c2684f94474619d2d83890dbb717a91b50da8f5",
    "src/addons/alexkar598/babxenforo/_data/style_properties.xml": "8b8690a8512f01f219dd2da76e3d0c5f62afc1f317b87794a7331c859c36a7a8",
    "src/addons/alexkar598/babxenforo/_data/style_property_groups.xml": "68e1879cb3846c42d978487aa8d5145ff3335fc39e58016878824d5cf3fd684c",
    "src/addons/alexkar598/babxenforo/_data/templates.xml": "d9cce0ad72aece2bf0c065f3282aaa8d6f1fab1a3fca50600039d3ab551fa39d",
    "src/addons/alexkar598/babxenforo/_data/template_modifications.xml": "5e991be41b012c8a321375e3922f3b4ffc16c62ca1c209c571b9d624e0f01134",
    "src/addons/alexkar598/babxenforo/_data/widget_definitions.xml": "37e46965256430f24004c2e7f08ba08f9b0d1cbcc4d70e84b3f4e3ffb713e64b",
    "src/addons/alexkar598/babxenforo/_data/widget_positions.xml": "a29cee66134f6bc5d75ed9df1eef21096c24401915c5b5c774389c3d7bb2d5b3"
}